Module,Category,Requirements_Lines,Implemented_Lines,Coverage_%,Status,Priority,Effort_Hours,Target_Phase,Notes
"1. Organizacja & Team Management","Resource Mgmt",250,250,100%,"✅ Done","Must Have",0,"MVP v1.0","40 people, 7 teams, all roles loaded"
"2. Capacity Planning","Capacity Mgmt",250,240,95%,"✅ Done","Must Have",0,"MVP v1.0","Heatmap, parameters, bottleneck detection working"
"3. Workload Management","Capacity Mgmt",200,190,95%,"✅ Done","Must Have",0,"MVP v1.0","Per person, per team, drag-drop rebalancing UI"
"4. Portfolio & Projects","Portfolio Mgmt",300,285,95%,"✅ Done","Must Have",0,"MVP v1.0","28 projects, priority, status, health (RAG) tracking"
"5. Sprinty & Planning","Portfolio Mgmt",150,145,97%,"✅ Done","Must Have",0,"MVP v1.0","11 sprints, goals per team, person assignments"
"6. Dashboards & Reporting","Analytics",300,240,80%,"✅ Done","Must Have",0,"MVP v1.0","9 views, action center, heatmap, drill-down missing"
"7. Time Tracking & Timesheets","Time & Finance",200,80,40%,"⚠️ Partial","Must Have",40,"MVP v1.1","Sprint goals exist, approval workflow missing"
"8. Strategia & OKR","Strategic",200,0,0%,"❌ Missing","High","150","v2.0","Zero implementation - blocks executive alignment"
"9. Demand Intake","Strategic",150,0,0%,"❌ Missing","High","100","v2.0","Approval workflow, scoring, business case missing"
"10. Finanse Projektowe","Finance",250,0,0%,"❌ Missing","High","200","v1.1","Budget, forecast, ROI, burn rate all missing"
"11. Dependencies & Risk","Governance",150,45,30%,"⚠️ Partial","High","100","v2.0","Risk strings exist, dependency graph missing"
"12. Integracje","Integration",200,10,5%,"❌ Missing","Critical","300","v1.1","Only localStorage; Jira, Azure DevOps, ERP missing"
"13. Value Realization","Strategic",100,0,0%,"❌ Missing","Medium","80","v2.0","Benefit tracking, ROI calculation not implemented"
"14. Role & Permissions","Security",150,50,33%,"⚠️ Partial","Medium","60","v2.0","Basic roles exist, no RBAC/ABAC"
"15. Compliance & Audit","Governance",100,20,20%,"⚠️ Minimal","Medium","70","v2.0","Notes have timestamps, no full audit trail"
TOTAL,,,2850,802,28%,AVERAGE,"Mixed",1200,"Phased",
SUMMARY_MVP,Core Modules,1450,1370,95%,"✅ Ready","Must Have",0,"v1.0 NOW","7 core modules done - go to market"
SUMMARY_ENTERPRISE,Enterprise Features,1400,20,1%,"❌ Blocked","High/Critical",1200,"v1.1-v3.0","Integrации, Finance, OKR missing - $120k budget needed"
